Code,Firm,Year,NCSKEW,Duvol,ROA,Growth_rate,Leverage,SIZE,FINST,FINTR
888,888 Holdings,2020,2.64232321,4.09085563,0.08,0.012244898,0.345554835,3.255272505,3.599664779,1142
888,888 Holdings,2021,0.03376231,0.09783707,0.08,0.190751445,0.235294118,3.26599637,3.635885685,2091
888,888 Holdings,2022,-0.26039031,-0.41039453,0.08,-0.013389121,0.191149727,3.276691529,3.671358003,2361
888,888 Holdings,2023,0.21522102,0.22457566,0.08,-0.106481481,0.475247525,3.287353773,3.70018433,2651
888,888 Holdings,2024,0.05988283,0.09162463,0.08,0.127625202,0.319641008,3.298197867,3.722716167,3374
888,888 Holdings,2025,0.08246189,0.05949908,0.08,0.077496274,0.310666667,3.308991029,3.738225448,4049
3IN,3i Infrastructure,2020,2.65183438,4.10409598,0.08,0,0.557491289,3.255272505,3.599664779,1142
3IN,3i Infrastructure,2021,0.24140867,0.32262766,0.08,0.242718447,0.616803279,3.26599637,3.635885685,2091
3IN,3i Infrastructure,2022,0.12780593,0.07436561,0.08,0.004830918,0.642857143,3.276691529,3.671358003,2361
3IN,3i Infrastructure,2023,-0.25879319,-0.16708329,0.08,-0.196531792,0.446629213,3.287353773,3.70018433,2651
3IN,3i Infrastructure,2024,0.00379663,0.1454249,0.08,0.126262626,0.439359268,3.298197867,3.722716167,3374
3IN,3i Infrastructure,2025,-0.20478944,-0.29308064,0.08,0.091743119,0.476190476,3.308991029,3.738225448,4049
AAL,Anglo American,2020,2.64393693,4.09016942,0.08,0.087352303,0.340345113,3.255272505,3.599664779,1142
AAL,Anglo American,2021,-0.09082934,-0.14263763,0.08,0.134192808,0.640590909,3.26599637,3.635885685,2091
AAL,Anglo American,2022,0.06280697,0.13688012,0.08,0.048543689,0.338181661,3.276691529,3.671358003,2361
AAL,Anglo American,2023,0.3005292,0.49492269,0.08,-0.198636864,0.491407133,3.287353773,3.70018433,2651
AAL,Anglo American,2024,-0.10699672,-0.20656272,0.08,0.130595663,0.340744582,3.298197867,3.722716167,3374
AAL,Anglo American,2025,-0.00608319,0.17569781,0.08,0.072725964,0.269005087,3.308991029,3.738225448,4049
ABDN,Abrdn,2020,2.6143382,3.70678765,0.08,0.011458333,0.586137893,3.255272505,3.599664779,1142
ABDN,Abrdn,2021,-0.31642219,-0.6600226,0.08,0.265867958,0.313571779,3.26599637,3.635885685,2091
ABDN,Abrdn,2022,0.28938273,0.27835031,0.08,-0.128596087,0.3144788,3.276691529,3.671358003,2361
ABDN,Abrdn,2023,0.29531831,0.52649297,0.08,-0.105597964,0.180498757,3.287353773,3.70018433,2651
ABDN,Abrdn,2024,-0.00063346,0.04540408,0.08,0.141687142,0.52602254,3.298197867,3.722716167,3374
ABDN,Abrdn,2025,0.03356689,-0.07153553,0.08,0.064128769,0.185734589,3.308991029,3.738225448,4049
ABF,Associated British Foods,2020,2.62191765,3.87125117,0.08,0.120475899,0.29237638,3.255272505,3.599664779,1142
ABF,Associated British Foods,2021,-0.03381236,-0.11675234,0.08,0.198440285,0.397484964,3.26599637,3.635885685,2091
ABF,Associated British Foods,2022,-0.28360886,-0.52670573,0.08,-0.112929624,0.450721369,3.276691529,3.671358003,2361
ABF,Associated British Foods,2023,-0.04744679,-0.03486898,0.08,-0.135815683,0.526851579,3.287353773,3.70018433,2651
ABF,Associated British Foods,2024,0.05560996,0.00965564,0.08,0.093406874,0.219759282,3.298197867,3.722716167,3374
ABF,Associated British Foods,2025,0.13713618,0.18769154,0.08,0.118370104,0.424656755,3.308991029,3.738225448,4049
ADM,Admiral Group,2020,2.65059697,4.10404504,0.16,0.110580548,0.52031302,3.255272505,3.599664779,1142
ADM,Admiral Group,2021,-0.47539352,-0.68403352,0.16,0.163899979,0.422164758,3.26599637,3.635885685,2091
ADM,Admiral Group,2022,0.13683484,0.09408422,0.16,-0.09553407,0.414418605,3.276691529,3.671358003,2361
ADM,Admiral Group,2023,-0.44129218,-0.56119604,0.16,-0.074183976,0.335938425,3.287353773,3.70018433,2651
ADM,Admiral Group,2024,-0.06788557,-0.24845841,0.16,0.068202765,0.308319514,3.298197867,3.722716167,3374
ADM,Admiral Group,2025,-0.38684542,-0.52745953,0.16,0.13905971,0.318181818,3.308991029,3.738225448,4049
AHT,Ashtead Group,2020,2.64771696,4.29932993,0.08,-0.026245986,0.403447111,3.255272505,3.599664779,1142
AHT,Ashtead Group,2021,0.09839853,0.23804273,0.08,0.240725037,0.453251747,3.26599637,3.635885685,2091
AHT,Ashtead Group,2022,0.21646737,0.33363902,0.08,-0.024210183,0.345196495,3.276691529,3.671358003,2361
AHT,Ashtead Group,2023,0.00742114,0.08523414,0.08,-0.133522028,0.503215014,3.287353773,3.70018433,2651
AHT,Ashtead Group,2024,0.03222479,0.16418659,0.08,0.175527597,0.467152889,3.298197867,3.722716167,3374
AHT,Ashtead Group,2025,0.17721514,0.48789894,0.08,0.005649718,0.371637804,3.308991029,3.738225448,4049
ALFS,Alfa Financial Software,2020,2.38395,3.25133,0.15,-0.022988506,0.677740864,4.397940009,3.599664779,1142
ALFS,Alfa Financial Software,2021,-0.24272,-0.17194,0.15,0.268907563,0.569230769,4.408663874,3.635885685,2091
ALFS,Alfa Financial Software,2022,1.02892,1.19178,0.15,0.008333333,0.511627907,4.41939394,3.671358003,2361
ALFS,Alfa Financial Software,2023,0.36978,0.84318,0.15,-0.121495327,0.202643172,4.43010732,3.70018433,2651
ALFS,Alfa Financial Software,2024,0.6017,0.31867,0.15,0.036036036,0.476489028,4.440830398,3.722716167,3374
ALFS,Alfa Financial Software,2025,0.86219,1.50261,0.15,0.139534884,0.510086455,4.451556183,3.738225448,4049
ANTO,Antofagasta,2020,2.63065058,3.8895993,0.08,0.110983324,0.499036848,3.255272505,3.599664779,1142
ANTO,Antofagasta,2021,-0.25098928,-0.31974272,0.08,0.110334243,0.298940489,3.26599637,3.635885685,2091
ANTO,Antofagasta,2022,-0.25962223,-0.43401152,0.08,-0.049955237,0.411110629,3.276691529,3.671358003,2361
ANTO,Antofagasta,2023,0.31084805,0.29325081,0.08,-0.030252721,0.425287356,3.287353773,3.70018433,2651
ANTO,Antofagasta,2024,-0.02036201,-0.07156217,0.08,0.071587601,0.348267061,3.298197867,3.722716167,3374
ANTO,Antofagasta,2025,0.01592062,0.18388463,0.08,0.075815131,0.252216784,3.308991029,3.738225448,4049
APAX,Apax Global Alpha,2020,2.65502448,3.9337262,0.08,-0.130434783,0.588235294,3.255272505,3.599664779,1142
APAX,Apax Global Alpha,2021,-0.08436962,-0.16002927,0.08,0.383928571,0.59186747,3.26599637,3.635885685,2091
APAX,Apax Global Alpha,2022,0.26482505,0.35612602,0.08,-0.092682927,0.493846154,3.276691529,3.671358003,2361
APAX,Apax Global Alpha,2023,-0.09589451,-0.24943727,0.08,-0.067708333,0.226962457,3.287353773,3.70018433,2651
APAX,Apax Global Alpha,2024,0.06049614,0.17643742,0.08,0.04950495,0.50921273,3.298197867,3.722716167,3374
APAX,Apax Global Alpha,2025,-0.00369315,0.01720946,0.08,0.038095238,0.283367556,3.308991029,3.738225448,4049
APO,Avon Protection,2020,1.77303,2.61989,0.08,-0.119617225,0.382275132,3.255272505,3.599664779,1142
APO,Avon Protection,2021,0.28751,1.03481,0.08,0.301003344,0.305516266,3.26599637,3.635885685,2091
APO,Avon Protection,2022,1.07712,0.06871,0.08,0.016447368,0.496932515,3.276691529,3.671358003,2361
APO,Avon Protection,2023,-0.33854,1.5924,0.08,-0.1875,0.306288032,3.287353773,3.70018433,2651
APO,Avon Protection,2024,1.30522,-1.10962,0.08,0.138047138,0.383349468,3.298197867,3.722716167,3374
APO,Avon Protection,2025,-1.02871,1.66996,0.08,0.071875,0.232980333,3.308991029,3.738225448,4049
ASC,Aberforth Smaller Companies,2020,1.8256,0.51832,0.08,-0.112512786,0.462423922,3.255272505,3.599664779,1142
ASC,Aberforth Smaller Companies,2021,0.75012,1.67379,0.08,0.285679493,0.58065661,3.26599637,3.635885685,2091
ASC,Aberforth Smaller Companies,2022,0.19147,-0.30683,0.08,-0.050396521,0.561444753,3.276691529,3.671358003,2361
ASC,Aberforth Smaller Companies,2023,1.12722,1.26918,0.08,-0.001537279,0.253191029,3.287353773,3.70018433,2651
ASC,Aberforth Smaller Companies,2024,-0.44866,0.73983,0.08,0.067160612,0.18949378,3.298197867,3.722716167,3374
ASC,Aberforth Smaller Companies,2025,1.32436,0.43818,0.08,0.005939653,0.278045838,3.308991029,3.738225448,4049
ASCL,Ascential,2020,2.63043739,4.06500827,0.08,0.033898305,0.329275042,3.255272505,3.599664779,1142
ASCL,Ascential,2021,0.39960327,0.70875028,0.08,0.163120567,0.564992026,3.26599637,3.635885685,2091
ASCL,Ascential,2022,0.21012198,-0.02277215,0.08,0.037542662,0.200641319,3.276691529,3.671358003,2361
ASCL,Ascential,2023,0.11330621,0.16206806,0.08,-0.149019608,0.359665428,3.287353773,3.70018433,2651
ASCL,Ascential,2024,-0.06537518,0.0055225,0.08,0.108391608,0.339500463,3.298197867,3.722716167,3374
ASCL,Ascential,2025,-0.33039672,-0.58930091,0.08,0.099212598,0.476138829,3.308991029,3.738225448,4049
ASHM,Ashmore Group,2020,2.64957344,4.09960951,0.08,0.082539683,0.588761175,3.255272505,3.599664779,1142
ASHM,Ashmore Group,2021,-0.12553902,-0.2666985,0.08,0.18814433,0.355613238,3.26599637,3.635885685,2091
ASHM,Ashmore Group,2022,0.17926104,0.14229858,0.08,-0.114942529,0.357001972,3.276691529,3.671358003,2361
ASHM,Ashmore Group,2023,0.06367498,-0.04657386,0.08,-0.074074074,0.192502533,3.287353773,3.70018433,2651
ASHM,Ashmore Group,2024,-0.14615669,-0.23638304,0.08,0.082152975,0.210816777,3.298197867,3.722716167,3374
ASHM,Ashmore Group,2025,0.11922119,0.25949939,0.08,0.07591623,0.221789883,3.308991029,3.738225448,4049
ASUR,Assura,2020,0.66448,0.53491,0.08,0.059701493,0.287234043,3.255272505,3.599664779,1142
ASUR,Assura,2021,1.32237,1.58023,0.08,0.258302583,0.461780105,3.26599637,3.635885685,2091
ASUR,Assura,2022,-1.13051,0.10829,0.08,-0.079681275,0.518763797,3.276691529,3.671358003,2361
ASUR,Assura,2023,1.32785,1.00651,0.08,-0.105726872,0.252595156,3.287353773,3.70018433,2651
ASUR,Assura,2024,-0.47296,1.04794,0.08,0.021551724,0.393491124,3.298197867,3.722716167,3374
ASUR,Assura,2025,1.13753,0.04999,0.08,0.060728745,0.310699588,3.308991029,3.738225448,4049
ATG,Auction Technology Group,2020,2.64211005,4.08965056,0.15,0.034682081,0.459882583,3.255272505,3.599664779,1142
ATG,Auction Technology Group,2021,-0.26144027,-0.26469921,0.15,0.164251208,0.238386308,3.26599637,3.635885685,2091
ATG,Auction Technology Group,2022,0.01723584,0.28182725,0.15,-0.014705882,0.420489297,3.276691529,3.671358003,2361
ATG,Auction Technology Group,2023,0.37479058,0.59912269,0.15,-0.108695652,0.295399516,3.287353773,3.70018433,2651
ATG,Auction Technology Group,2024,0.04499711,0.16134963,0.15,0.178571429,0.501687289,3.298197867,3.722716167,3374
ATG,Auction Technology Group,2025,-0.0871056,-0.26685302,0.15,0.026086957,0.256436663,3.308991029,3.738225448,4049
ATST,Alliance Trust,2020,2.64459383,4.2933832,0.08,-0.107438017,0.278571429,3.255272505,3.599664779,1142
ATST,Alliance Trust,2021,-0.29782094,-0.29206337,0.08,0.296511628,0.366972477,3.26599637,3.635885685,2091
ATST,Alliance Trust,2022,-0.06546177,-0.11812779,0.08,0,0.326332795,3.276691529,3.671358003,2361
ATST,Alliance Trust,2023,-0.06928807,-0.03367442,0.08,-0.178082192,0.182130584,3.287353773,3.70018433,2651
ATST,Alliance Trust,2024,-0.28955524,-0.41275418,0.08,0.184357542,0.300675676,3.298197867,3.722716167,3374
ATST,Alliance Trust,2025,0.09210616,0.21902236,0.08,0.062827225,0.215439856,3.308991029,3.738225448,4049
AUTO,Auto Trader Group,2020,2.65469037,3.93185636,0.35,-0.04691358,0.494538835,3.255272505,3.599664779,1142
AUTO,Auto Trader Group,2021,-0.04695991,-0.12854658,0.35,0.234404537,0.47360913,3.26599637,3.635885685,2091
AUTO,Auto Trader Group,2022,-0.22309934,-0.13906879,0.35,0.0502693,0.345238095,3.276691529,3.671358003,2361
AUTO,Auto Trader Group,2023,-0.2012455,-0.13082332,0.35,-0.081553398,0.27827051,3.287353773,3.70018433,2651
AUTO,Auto Trader Group,2024,0.0648234,0.00617565,0.35,0.007707129,0.441301273,3.298197867,3.722716167,3374
AUTO,Auto Trader Group,2025,0.11170967,0.01676255,0.35,0.094240838,0.396358543,3.308991029,3.738225448,4049
AV,Aviva,2020,2.65405542,3.932512,0.08,0.030845415,0.342167137,3.255272505,3.599664779,1142
AV,Aviva,2021,0.1571968,0.26270685,0.08,0.191500651,0.322109375,3.26599637,3.635885685,2091
AV,Aviva,2022,-0.1032935,-0.16536126,0.08,-0.005236871,0.400646337,3.276691529,3.671358003,2361
AV,Aviva,2023,0.22264677,0.33796622,0.08,-0.10460632,0.423506895,3.287353773,3.70018433,2651
AV,Aviva,2024,-0.34200909,-0.64479633,0.08,0.152788492,0.308245636,3.298197867,3.722716167,3374
AV,Aviva,2025,-0.02515197,0.08063839,0.08,0.004427377,0.399366387,3.308991029,3.738225448,4049
AVST,Avast,2020,2.63475861,4.07536339,0.22,0.107933579,0.386167147,3.255272505,3.599664779,1142
AVST,Avast,2021,0.42644653,0.58476053,0.22,0.130016051,0.520470292,3.26599637,3.635885685,2091
AVST,Avast,2022,-0.01084474,0.07321402,0.22,0.010325655,0.362308254,3.276691529,3.671358003,2361
AVST,Avast,2023,0.05209681,0.03172027,0.22,-0.066045724,0.359554355,3.287353773,3.70018433,2651
AVST,Avast,2024,0.23362762,0.18526563,0.22,0.067876875,0.522105696,3.298197867,3.722716167,3374
AVST,Avast,2025,-0.13138338,-0.15891932,0.22,0.02688172,0.411449016,3.308991029,3.738225448,4049
AVV,Aveva Group,2020,2.63658015,3.89691485,0.08,-0.013365735,0.385628292,3.255272505,3.599664779,1142
AVV,Aveva Group,2021,-0.16036677,-0.28373034,0.08,0.236549165,0.361809045,3.26599637,3.635885685,2091
AVV,Aveva Group,2022,-0.15751745,-0.45891446,0.08,-0.006535948,0.534263959,3.276691529,3.671358003,2361
AVV,Aveva Group,2023,0.09101967,0.32190334,0.08,-0.085106383,0.328153235,3.287353773,3.70018433,2651
AVV,Aveva Group,2024,0.26527375,0.30896362,0.08,0.084415584,0.316562778,3.298197867,3.722716167,3374
AVV,Aveva Group,2025,-0.0785499,-0.23542421,0.08,0.094117647,0.419610059,3.308991029,3.738225448,4049
AZN,AstraZeneca,2020,2.65464705,4.31124497,0.15,-0.02764372,0.473900111,4.919078092,3.599664779,1142
AZN,AstraZeneca,2021,0.07063975,0.13128378,0.15,0.289566076,0.588407088,4.929801958,3.635885685,2091
AZN,AstraZeneca,2022,-0.06250419,0.20913308,0.15,-0.043894059,0.396355206,4.940526446,3.671358003,2361
AZN,AstraZeneca,2023,-0.16172368,-0.29290382,0.15,-0.057404099,0.264268246,4.951250068,3.70018433,2651
AZN,AstraZeneca,2024,-0.16054083,-0.35020788,0.15,0.011640433,0.48052779,4.961971326,3.722716167,3374
AZN,AstraZeneca,2025,-0.04873861,0.07495348,0.15,0.044052863,0.42658067,4.972697967,3.738225448,4049
BA,BAE Systems,2020,2.62915664,3.88235932,0.08,-0.02586075,0.523055747,3.255272505,3.599664779,1142
BA,BAE Systems,2021,0.19433566,0.15220491,0.08,0.239998449,0.296105732,3.26599637,3.635885685,2091
BA,BAE Systems,2022,0.07220051,0.06293174,0.08,0.011079164,0.331469793,3.276691529,3.671358003,2361
BA,BAE Systems,2023,0.02736553,-0.05631025,0.08,-0.174629621,0.35788372,3.287353773,3.70018433,2651
BA,BAE Systems,2024,-0.47162383,-0.69324826,0.08,0.142520658,0.340776418,3.298197867,3.722716167,3374
BA,BAE Systems,2025,0.19267912,0.23272693,0.08,0.008347373,0.258733586,3.308991029,3.738225448,4049
BAB,Babcock International,2020,2.65798012,4.31741743,0.08,0.003716609,0.646954019,3.255272505,3.599664779,1142
BAB,Babcock International,2021,0.14626287,0.20525055,0.08,0.240874625,0.393745383,3.26599637,3.635885685,2091
BAB,Babcock International,2022,-0.65331419,-0.89659892,0.08,-0.073443119,0.475548984,3.276691529,3.671358003,2361
BAB,Babcock International,2023,0.02354716,0.19229959,0.08,-0.004945787,0.495280995,3.287353773,3.70018433,2651
BAB,Babcock International,2024,-0.04017982,-0.07874428,0.08,0.080461781,0.487504279,3.298197867,3.722716167,3374
BAB,Babcock International,2025,0.26787508,0.1793352,0.08,-0.003686798,0.524676451,3.308991029,3.738225448,4049
BAKK,Bakkavor Group,2020,2.64734057,4.29589536,0.08,0.112682482,0.493285832,3.255272505,3.599664779,1142
BAKK,Bakkavor Group,2021,-0.19703402,-0.22209855,0.08,0.138025954,0.652968037,3.26599637,3.635885685,2091
BAKK,Bakkavor Group,2022,0.04376535,0.19517605,0.08,-0.029138001,0.447547023,3.276691529,3.671358003,2361
BAKK,Bakkavor Group,2023,0.05264945,0.14949675,0.08,-0.107078853,0.276742788,3.287353773,3.70018433,2651
BAKK,Bakkavor Group,2024,0.27204463,0.51520997,0.08,0.119179163,0.498201264,3.298197867,3.722716167,3374
BAKK,Bakkavor Group,2025,-0.13202264,-0.06122962,0.08,-0.005954744,0.294817598,3.308991029,3.738225448,4049
BARC,Barclays,2020,2.64242972,4.0890403,0.025,0.017548708,0.900003362,6.213252052,3.599664779,1142
BARC,Barclays,2021,0.24838994,0.32423349,0.11,0.2440986,0.900003381,6.223975918,3.635885685,2091
BARC,Barclays,2022,-0.23362635,-0.43499337,0.11,-0.10558528,0.738738739,6.23469972,3.671358003,2361
BARC,Barclays,2023,-0.01433606,-0.08207141,0.11,-0.075868638,0.757198663,6.245423579,3.70018433,2651
BARC,Barclays,2024,0.2044155,0.27892781,0.11,0.120584165,0.709979785,6.25614745,3.722716167,3374
BARC,Barclays,2025,-0.33515481,-0.56434387,0.11,0.087652844,0.74963919,6.266871374,3.738225448,4049
BATS,British American Tobacco,2020,2.6555185,4.31861608,0.08,0.008917246,0.591732255,3.255272505,3.599664779,1142
BATS,British American Tobacco,2021,0.07628692,0.11609165,0.08,0.212369823,0.433149852,3.26599637,3.635885685,2091
BATS,British American Tobacco,2022,-0.22309197,-0.19203595,0.08,0.05735974,0.274571941,3.276691529,3.671358003,2361
BATS,British American Tobacco,2023,-0.25274172,-0.25419398,0.08,-0.143855068,0.389373351,3.287353773,3.70018433,2651
BATS,British American Tobacco,2024,0.14435021,0.31885679,0.08,0.047271031,0.4648063,3.298197867,3.722716167,3374
BATS,British American Tobacco,2025,0.19258527,0.50029974,0.08,0.039432412,0.455157438,3.308991029,3.738225448,4049
BBOX,Tritax Big Box REIT,2020,2.63049969,4.27044273,0.07,-0.028368794,0.836660617,3.255272505,3.599664779,1142
BBOX,Tritax Big Box REIT,2021,-0.00686303,0.00110319,0.07,0.225274725,0.827493261,3.26599637,3.635885685,2091
BBOX,Tritax Big Box REIT,2022,-0.04396506,-0.11171361,0.07,0.047120419,0.703546099,3.276691529,3.671358003,2361
BBOX,Tritax Big Box REIT,2023,0.14731849,0.17522012,0.07,-0.164634146,0.558823529,3.287353773,3.70018433,2651
BBOX,Tritax Big Box REIT,2024,-0.26087422,-0.21850828,0.07,0.088888889,0.632930514,3.298197867,3.722716167,3374
BBOX,Tritax Big Box REIT,2025,-0.0680603,-0.04162916,0.07,0.134615385,0.657963446,3.308991029,3.738225448,4049
BBY,Balfour Beatty,2020,2.6195775,3.87014833,0.08,0.116773046,0.588315449,3.255272505,3.599664779,1142
BBY,Balfour Beatty,2021,-0.26065703,-0.5272139,0.08,0.089028691,0.553710067,3.26599637,3.635885685,2091
BBY,Balfour Beatty,2022,-0.11451941,-0.08561441,0.08,0.011960821,0.224279,3.276691529,3.671358003,2361
BBY,Balfour Beatty,2023,0.11100292,-0.03262098,0.08,-0.121224921,0.185202373,3.287353773,3.70018433,2651
BBY,Balfour Beatty,2024,0.2411528,0.43150907,0.08,0.083607509,0.359498874,3.298197867,3.722716167,3374
BBY,Balfour Beatty,2025,-0.1144424,-0.10104545,0.08,0.141836904,0.200070572,3.308991029,3.738225448,4049
BCPT,Balanced Commercial Property,2020,2.67695112,4.14701515,0.07,0.048780488,0.781395349,3.255272505,3.599664779,1142
BCPT,Balanced Commercial Property,2021,0.4358267,0.54900171,0.07,0.145833333,0.762376238,3.26599637,3.635885685,2091
BCPT,Balanced Commercial Property,2022,0.00302735,-0.08118545,0.07,0.067961165,0.505300353,3.276691529,3.671358003,2361
BCPT,Balanced Commercial Property,2023,-0.21410116,-0.33161772,0.07,-0.211764706,0.529644269,3.287353773,3.70018433,2651
BCPT,Balanced Commercial Property,2024,0.09068322,0.10883185,0.07,0.141414141,0.709302326,3.298197867,3.722716167,3374
BCPT,Balanced Commercial Property,2025,-0.04123895,0.04262414,0.07,0.074766355,0.486772487,3.308991029,3.738225448,4049
BDEV,Barratt Developments,2020,2.63469297,4.07567381,0.08,-0.070514211,0.412650924,3.255272505,3.599664779,1142
BDEV,Barratt Developments,2021,-0.27682473,-0.42516925,0.08,0.276792719,0.397661069,3.26599637,3.635885685,2091
BDEV,Barratt Developments,2022,0.34589191,0.25089389,0.08,-0.055831677,0.528847562,3.276691529,3.671358003,2361
BDEV,Barratt Developments,2023,0.26647199,0.36398633,0.08,0.015495025,0.332130966,3.287353773,3.70018433,2651
BDEV,Barratt Developments,2024,0.0467229,0.08477018,0.08,0.013356936,0.434818162,3.298197867,3.722716167,3374
BDEV,Barratt Developments,2025,-0.02358262,0.08998247,0.08,0.08226259,0.529558541,3.308991029,3.738225448,4049
BEZ,Beazley,2020,2.64900808,4.09450194,0.08,0.038500252,0.574884944,3.255272505,3.599664779,1142
BEZ,Beazley,2021,0.22913936,0.24653701,0.08,0.179264767,0.242745536,3.26599637,3.635885685,2091
BEZ,Beazley,2022,-0.00509101,-0.18186094,0.08,0.038140644,0.420908967,3.276691529,3.671358003,2361
BEZ,Beazley,2023,0.42205736,0.54429405,0.08,-0.083512699,0.256509911,3.287353773,3.70018433,2651
BEZ,Beazley,2024,0.04661424,-0.09601675,0.08,0.09628477,0.347944213,3.298197867,3.722716167,3374
BEZ,Beazley,2025,-0.24618407,-0.43418402,0.08,-0.015807153,0.288914224,3.308991029,3.738225448,4049
BGEO,Bank of Georgia Group,2020,2.63709802,4.07784332,0.09,0.020856202,0.900062854,4.397940009,3.599664779,1142
BGEO,Bank of Georgia Group,2021,-0.082948,-0.2447628,0.09,0.272364217,0.841500766,4.408663874,3.635885685,2091
BGEO,Bank of Georgia Group,2022,0.14464275,0.37103689,0.09,-0.164651163,0.801040312,4.41939394,3.671358003,2361
BGEO,Bank of Georgia Group,2023,-0.15628161,-0.20714533,0.09,-0.076076076,0.746503497,4.43010732,3.70018433,2651
BGEO,Bank of Georgia Group,2024,0.05997207,0.18252227,0.09,0.096745027,0.760887656,4.440830398,3.722716167,3374
BGEO,Bank of Georgia Group,2025,0.00190302,-0.00534254,0.09,0.036585366,0.752965806,4.451556183,3.738225448,4049
BHP,BHP Group,2020,2.65468896,4.31359522,0.08,-0.037962135,0.335151906,3.255272505,3.599664779,1142
BHP,BHP Group,2021,-0.07604961,-0.11080211,0.08,0.331301437,0.349708898,3.26599637,3.635885685,2091
BHP,BHP Group,2022,-0.11205714,-0.31005353,0.08,-0.107753757,0.274260902,3.276691529,3.671358003,2361
BHP,BHP Group,2023,-0.20031295,-0.31276662,0.08,-0.174968958,0.296687118,3.287353773,3.70018433,2651
BHP,BHP Group,2024,-0.1789505,-0.36098616,0.08,0.123577476,0.418175135,3.298197867,3.722716167,3374
BHP,BHP Group,2025,0.03862189,0.12364086,0.08,0.04567697,0.466955309,3.308991029,3.738225448,4049
BKG,Berkeley Group Holdings,2020,2.63256851,4.06834322,0.08,-0.000911993,0.337944664,3.255272505,3.599664779,1142
BKG,Berkeley Group Holdings,2021,0.56634898,0.66666284,0.08,0.22836031,0.475385494,3.26599637,3.635885685,2091
BKG,Berkeley Group Holdings,2022,-0.08669541,-0.13835984,0.08,0.045988587,0.396588971,3.276691529,3.671358003,2361
BKG,Berkeley Group Holdings,2023,-0.31581127,-0.47779386,0.08,-0.11364486,0.506954653,3.287353773,3.70018433,2651
BKG,Berkeley Group Holdings,2024,0.34404793,0.52910163,0.08,0.048719772,0.219281898,3.298197867,3.722716167,3374
BKG,Berkeley Group Holdings,2025,-0.19274254,-0.1457691,0.08,0.091731266,0.332231405,3.308991029,3.738225448,4049
BLND,British Land Company,2020,2.62824541,3.72676123,0.08,0.023890785,0.812749004,3.255272505,3.599664779,1142
BLND,British Land Company,2021,-0.05005927,-0.14197869,0.08,0.234986945,0.556756757,3.26599637,3.635885685,2091
BLND,British Land Company,2022,-0.17468276,-0.2969536,0.08,0.007772021,0.49513303,3.276691529,3.671358003,2361
BLND,British Land Company,2023,0.18736297,0.47605661,0.08,-0.115606936,0.540913921,3.287353773,3.70018433,2651
BLND,British Land Company,2024,0.04461928,0.24985512,0.08,0.069892473,0.570982839,3.298197867,3.722716167,3374
BLND,British Land Company,2025,-0.31409361,-0.53907796,0.08,0,0.618266979,3.308991029,3.738225448,4049
BME,B&M European Value,2020,2.63658587,4.07739698,0.08,0.015889831,0.522208202,3.255272505,3.599664779,1142
BME,B&M European Value,2021,0.01729084,-0.15960135,0.08,0.255050505,0.455525725,3.26599637,3.635885685,2091
BME,B&M European Value,2022,0.09261015,-0.04103875,0.08,-0.027403924,0.412367091,3.276691529,3.671358003,2361
BME,B&M European Value,2023,-0.08230056,-0.0767363,0.08,-0.066955017,0.457904669,3.287353773,3.70018433,2651
BME,B&M European Value,2024,0.30764201,0.34405987,0.08,-0.007319624,0.394894214,3.298197867,3.722716167,3374
BME,B&M European Value,2025,0.05468085,-0.04116322,0.08,0.143326366,0.42869959,3.308991029,3.738225448,4049
BMEB,B&M European Value Retail,2020,1.77828,0.91308,0.08,0.107417371,0.452399754,3.255272505,3.599664779,1142
BMEB,B&M European Value Retail,2021,0.97313,1.69695,0.08,0.170015949,0.633267234,3.26599637,3.635885685,2091
BMEB,B&M European Value Retail,2022,-0.42983,-0.42511,0.08,-0.058763931,0.400239117,3.276691529,3.671358003,2361
BMEB,B&M European Value Retail,2023,1.34901,1.26258,0.08,-0.03009219,0.234480797,3.287353773,3.70018433,2651
BMEB,B&M European Value Retail,2024,-0.56588,0.84719,0.08,0.003294036,0.496842361,3.298197867,3.722716167,3374
BMEB,B&M European Value Retail,2025,1.04414,0.19651,0.08,0.073264781,0.515432662,3.308991029,3.738225448,4049
BNZL,Bunzl,2020,2.61940892,3.71025318,0.08,-0.058275541,0.564794412,3.255272505,3.599664779,1142
BNZL,Bunzl,2021,-0.05801511,-0.21781585,0.08,0.330584812,0.498291921,3.26599637,3.635885685,2091
BNZL,Bunzl,2022,-0.11047291,-0.07268076,0.08,-0.066666667,0.428810774,3.276691529,3.671358003,2361
BNZL,Bunzl,2023,0.31599096,0.46686443,0.08,-0.085874799,0.256845949,3.287353773,3.70018433,2651
BNZL,Bunzl,2024,0.05960347,-0.16760956,0.08,0.006933928,0.410159379,3.298197867,3.722716167,3374
BNZL,Bunzl,2025,-0.21673821,-0.34423116,0.08,0.111150468,0.468249715,3.308991029,3.738225448,4049
BOO,Boohoo Group,2020,2.62120016,3.7147013,0.08,-0.107936508,0.325511302,3.255272505,3.599664779,1142
BOO,Boohoo Group,2021,-0.07918226,-0.06918131,0.08,0.280493376,0.227508541,3.26599637,3.635885685,2091
BOO,Boohoo Group,2022,0.20908154,0.40605765,0.08,0.054019015,0.256035035,3.276691529,3.671358003,2361
BOO,Boohoo Group,2023,0.16816329,0.37648692,0.08,-0.118414693,0.526049712,3.287353773,3.70018433,2651
BOO,Boohoo Group,2024,0.05594019,0.3382014,0.08,0.115433946,0.452407755,3.298197867,3.722716167,3374
BOO,Boohoo Group,2025,-0.11775869,-0.2557774,0.08,0.049186992,0.528019925,3.308991029,3.738225448,4049
BOWL,Hollywood Bowl Group,2020,2.62978491,3.88963428,0.08,-0.1,0.476858345,3.255272505,3.599664779,1142
BOWL,Hollywood Bowl Group,2021,0.14032156,0.205622,0.08,0.310344828,0.503484321,3.26599637,3.635885685,2091
BOWL,Hollywood Bowl Group,2022,-0.07962657,-0.1182348,0.08,-0.06097561,0.318595579,3.276691529,3.671358003,2361
BOWL,Hollywood Bowl Group,2023,0.0179984,0.10081142,0.08,-0.033613445,0.270205066,3.287353773,3.70018433,2651
BOWL,Hollywood Bowl Group,2024,0.16268434,0.16241698,0.08,0.098484848,0.352180937,3.298197867,3.722716167,3374
BOWL,Hollywood Bowl Group,2025,0.15297753,0.21500009,0.08,-0.019305019,0.23878437,3.308991029,3.738225448,4049
BOY,Bodycote,2020,2.61585662,3.86154476,0.08,-0.046224961,0.619442023,3.255272505,3.599664779,1142
BOY,Bodycote,2021,-0.02187385,0.07610833,0.08,0.23557126,0.267641776,3.26599637,3.635885685,2091
BOY,Bodycote,2022,-0.1348185,-0.27505687,0.08,0.061878453,0.392298436,3.276691529,3.671358003,2361
BOY,Bodycote,2023,0.07121386,-0.10348905,0.08,-0.13125,0.198500221,3.287353773,3.70018433,2651
BOY,Bodycote,2024,0.01267899,0.13996726,0.08,0.045346062,0.464640561,3.298197867,3.722716167,3374
BOY,Bodycote,2025,-0.26173894,-0.17853952,0.08,0.070953437,0.211978677,3.308991029,3.738225448,4049
BP,BP plc,2020,2.63929191,3.90657892,0.055,-0.136289714,0.508077443,5.426511261,3.599664779,1142
BP,BP plc,2021,-0.23236999,-0.08259915,0.055,0.347283453,0.650316485,5.437235127,3.635885685,2091
BP,BP plc,2022,0.1497267,0.25935417,0.12,0.001330753,0.422335831,5.447959186,3.671358003,2361
BP,BP plc,2023,0.04701747,0.12253441,0.12,-0.141057779,0.370584773,5.458683164,3.70018433,2651
BP,BP plc,2024,0.06043395,0.09606704,0.12,0.106087029,0.270694636,5.469406661,3.722716167,3374
BP,BP plc,2025,-0.09284485,-0.07753221,0.12,0.043593253,0.423712649,5.480130599,3.738225448,4049
BRBY,Burberry Group,2020,2.6588872,4.11548587,0.08,0.104214559,0.257816337,3.255272505,3.599664779,1142
BRBY,Burberry Group,2021,-0.36909962,-0.5190105,0.08,0.219730942,0.65295822,3.26599637,3.635885685,2091
BRBY,Burberry Group,2022,0.03071151,0.12529068,0.08,-0.174920969,0.329529073,3.276691529,3.671358003,2361
BRBY,Burberry Group,2023,-0.01771664,-0.00132523,0.08,-0.086641221,0.223161915,3.287353773,3.70018433,2651
BRBY,Burberry Group,2024,-0.03615948,-0.06793394,0.08,0.167989838,0.418763895,3.298197867,3.722716167,3374
BRBY,Burberry Group,2025,0.02899478,0.01655497,0.08,-0.02140772,0.390845716,3.308991029,3.738225448,4049
BRW,Brewin Dolphin Holdings,2020,2.64786374,4.0967022,0.08,-0.031683168,0.291818182,3.255272505,3.599664779,1142
BRW,Brewin Dolphin Holdings,2021,0.46300796,0.34689327,0.08,0.3230563,0.620622568,3.26599637,3.635885685,2091
BRW,Brewin Dolphin Holdings,2022,-0.09982924,-0.16521453,0.08,-0.147692308,0.366935484,3.276691529,3.671358003,2361
BRW,Brewin Dolphin Holdings,2023,-0.05984273,0.02983466,0.08,-0.103565365,0.350381679,3.287353773,3.70018433,2651
BRW,Brewin Dolphin Holdings,2024,-0.09468414,-0.09248468,0.08,0.106221548,0.53256445,3.298197867,3.722716167,3374
BRW,Brewin Dolphin Holdings,2025,-0.10828737,-0.08214131,0.08,0.092286501,0.203485392,3.308991029,3.738225448,4049
BVIC,Britvic,2020,2.6238616,4.05429908,0.08,0.094159714,0.317734448,3.255272505,3.599664779,1142
BVIC,Britvic,2021,-0.4874941,-0.46288676,0.08,0.199045346,0.506232409,3.26599637,3.635885685,2091
BVIC,Britvic,2022,-0.08433592,-0.06373884,0.08,-0.044366899,0.383389667,3.276691529,3.671358003,2361
BVIC,Britvic,2023,-0.202758,-0.21046854,0.08,-0.0625,0.462374055,3.287353773,3.70018433,2651
BVIC,Britvic,2024,0.0672174,-0.20908111,0.08,0.035258048,0.180459156,3.298197867,3.722716167,3374
BVIC,Britvic,2025,0.0696393,0.04685842,0.08,0.023453094,0.436792917,3.308991029,3.738225448,4049
BVS,Bovis Homes Group,2020,2.65547807,4.31586994,0.08,-0.025105967,0.374074074,3.255272505,3.599664779,1142
BVS,Bovis Homes Group,2021,-0.25242258,-0.35824887,0.08,0.309389777,0.282526628,3.26599637,3.635885685,2091
BVS,Bovis Homes Group,2022,0.01233899,0.00847437,0.08,-0.100892414,0.375356894,3.276691529,3.671358003,2361
BVS,Bovis Homes Group,2023,-0.254932,-0.36723173,0.08,-0.076882007,0.505211252,3.287353773,3.70018433,2651
BVS,Bovis Homes Group,2024,0.05799567,0.32188711,0.08,0.101463181,0.421074762,3.298197867,3.722716167,3374
BVS,Bovis Homes Group,2025,0.03302869,-0.07859407,0.08,0.019981194,0.444444444,3.308991029,3.738225448,4049
BWY,Bellway,2020,2.65246181,3.92990188,0.08,0.010141364,0.404450654,3.255272505,3.599664779,1142
BWY,Bellway,2021,0.47884777,0.77015094,0.08,0.249711782,0.456262626,3.26599637,3.635885685,2091
BWY,Bellway,2022,-0.24821104,-0.33966961,0.08,-0.027238276,0.308135306,3.276691529,3.671358003,2361
BWY,Bellway,2023,-0.18397429,-0.2284472,0.08,-0.120191032,0.233547641,3.287353773,3.70018433,2651
BWY,Bellway,2024,-0.39900552,-0.45695483,0.08,0.123692165,0.340409956,3.298197867,3.722716167,3374
BWY,Bellway,2025,-0.1372416,-0.19615347,0.08,0.047608503,0.293377942,3.308991029,3.738225448,4049
BYG,Big Yellow Group,2020,2.62002205,3.71381354,0.08,-0.034682081,0.376701967,3.255272505,3.599664779,1142
BYG,Big Yellow Group,2021,0.40865569,0.44480054,0.08,0.282157676,0.638691323,3.26599637,3.635885685,2091
BYG,Big Yellow Group,2022,0.18871619,0.30240053,0.08,-0.080717489,0.453302961,3.276691529,3.671358003,2361
BYG,Big Yellow Group,2023,-0.05476091,-0.01461453,0.08,-0.126262626,0.472703063,3.287353773,3.70018433,2651
BYG,Big Yellow Group,2024,0.2483283,0.37869962,0.08,0.116071429,0.484638256,3.298197867,3.722716167,3374
BYG,Big Yellow Group,2025,-0.03658361,0.04869836,0.08,0.121568627,0.2416,3.308991029,3.738225448,4049
CAPC,Capital & Counties Properties,2020,2.63065859,3.89149236,0.08,-0.098360656,0.728070175,3.255272505,3.599664779,1142
CAPC,Capital & Counties Properties,2021,-0.14065164,-0.0247586,0.08,0.290697674,0.557142857,3.26599637,3.635885685,2091
CAPC,Capital & Counties Properties,2022,0.30154872,0.44958725,0.08,0,0.709401709,3.276691529,3.671358003,2361
CAPC,Capital & Counties Properties,2023,0.20837759,0.4237052,0.08,-0.131578947,0.553488372,3.287353773,3.70018433,2651
CAPC,Capital & Counties Properties,2024,-0.05126,-0.07590183,0.08,0.164835165,0.608187135,3.298197867,3.722716167,3374
CAPC,Capital & Counties Properties,2025,-0.07457277,-0.06191184,0.08,-0.034090909,0.624338624,3.308991029,3.738225448,4049
CARD,Card Factory,2020,2.66051903,4.327127,0.08,0.095238095,0.372913992,3.255272505,3.599664779,1142
CARD,Card Factory,2021,-0.26737543,-0.54084589,0.08,0.109540636,0.544044665,3.26599637,3.635885685,2091
CARD,Card Factory,2022,-0.29829976,-0.16099362,0.08,0.076672104,0.320677036,3.276691529,3.671358003,2361
CARD,Card Factory,2023,-0.09336014,-0.05223102,0.08,-0.077328647,0.211626934,3.287353773,3.70018433,2651
CARD,Card Factory,2024,-0.07612931,-0.34857243,0.08,0.018965517,0.190359976,3.298197867,3.722716167,3374
CARD,Card Factory,2025,-0.21690018,-0.30522811,0.08,0.039735099,0.183809151,3.308991029,3.738225448,4049
CBG,Close Brothers Group,2020,2.6549774,4.31382581,0.08,0.055825243,0.900187441,3.255272505,3.599664779,1142
CBG,Close Brothers Group,2021,-0.04004221,-0.10700972,0.08,0.165991903,0.893191755,3.26599637,3.635885685,2091
CBG,Close Brothers Group,2022,-0.03914632,-0.10969301,0.08,0.001011122,0.802038295,3.276691529,3.671358003,2361
CBG,Close Brothers Group,2023,0.16701206,-0.07112099,0.08,-0.017489712,0.736266816,3.287353773,3.70018433,2651
CBG,Close Brothers Group,2024,-0.04951182,-0.07721736,0.08,0.035714286,0.783535585,3.298197867,3.722716167,3374
CBG,Close Brothers Group,2025,-0.3353999,-0.46739643,0.08,0.01369863,0.73540856,3.308991029,3.738225448,4049
CCL,Carnival,2020,2.66276837,4.32317697,0.08,-0.047976012,0.549009585,3.255272505,3.599664779,1142
CCL,Carnival,2021,-0.03294011,-0.02242375,0.08,0.290142344,0.576545071,3.26599637,3.635885685,2091
CCL,Carnival,2022,-0.33989817,-0.47427314,0.08,-0.092428426,0.551705468,3.276691529,3.671358003,2361
CCL,Carnival,2023,-0.07151874,-0.13876066,0.08,-0.043524416,0.263428075,3.287353773,3.70018433,2651
CCL,Carnival,2024,-0.2312979,-0.19048436,0.08,0.076211824,0.437664453,3.298197867,3.722716167,3374
CCL,Carnival,2025,-0.35640252,-0.68268511,0.08,0.015040706,0.354533844,3.308991029,3.738225448,4049
CCH,Coca-Cola HBC,2020,2.61156076,4.03518651,0.08,0.074300821,0.638586851,3.255272505,3.599664779,1142
CCH,Coca-Cola HBC,2021,0.07891935,0.12045495,0.08,0.215649896,0.534438084,3.26599637,3.635885685,2091
CCH,Coca-Cola HBC,2022,-0.13044486,-0.24473773,0.08,-0.04397858,0.494335763,3.276691529,3.671358003,2361
CCH,Coca-Cola HBC,2023,0.15130572,0.18607517,0.08,-0.115389503,0.535258209,3.287353773,3.70018433,2651
CCH,Coca-Cola HBC,2024,0.2008897,0.18020332,0.08,0.039663168,0.228695195,3.298197867,3.722716167,3374
CCH,Coca-Cola HBC,2025,-0.25046007,-0.51075422,0.08,0.144854936,0.484856694,3.308991029,3.738225448,4049
CINE,Cineworld Group,2020,2.67294167,4.35094095,0.08,-0.104128158,0.238388068,3.255272505,3.599664779,1142
CINE,Cineworld Group,2021,0.21570041,0.30258211,0.08,0.269905533,0.397684606,3.26599637,3.635885685,2091
CINE,Cineworld Group,2022,-0.06459626,-0.03970837,0.08,-0.030120482,0.238159071,3.276691529,3.671358003,2361
CINE,Cineworld Group,2023,0.21216477,0.25897362,0.08,-0.088250126,0.24517444,3.287353773,3.70018433,2651
CINE,Cineworld Group,2024,0.29458111,0.50573158,0.08,0.185626283,0.278935388,3.298197867,3.722716167,3374
CINE,Cineworld Group,2025,0.10291551,0.24587511,0.08,-0.019681742,0.534958545,3.308991029,3.738225448,4049
CITY,City of London Investment,2020,1.24832,1.54391,0.08,-0.017391304,0.477466504,3.255272505,3.599664779,1142
CITY,City of London Investment,2021,1.31845,-0.032,0.08,0.238410596,0.306784661,3.26599637,3.635885685,2091
CITY,City of London Investment,2022,-0.58499,1.59092,0.08,0.016286645,0.550649351,3.276691529,3.671358003,2361
CITY,City of London Investment,2023,0.89195,1.18706,0.08,-0.084805654,0.338672769,3.287353773,3.70018433,2651
CITY,City of London Investment,2024,0.95639,-0.96044,0.08,0.040677966,0.448275862,3.298197867,3.722716167,3374
CITY,City of London Investment,2025,-0.69808,0.74601,0.08,0.042207792,0.25,3.308991029,3.738225448,4049
CKN,Clarkson,2020,2.63929487,3.89925571,0.08,-0.026041667,0.611198738,3.255272505,3.599664779,1142
CKN,Clarkson,2021,0.55522662,0.74807005,0.08,0.279549719,0.649196957,3.26599637,3.635885685,2091
CKN,Clarkson,2022,-0.05989307,-0.12464043,0.08,-0.047151277,0.209095661,3.276691529,3.671358003,2361
CKN,Clarkson,2023,0.17727849,0.11678828,0.08,-0.069327731,0.490378235,3.287353773,3.70018433,2651
CKN,Clarkson,2024,-0.13288949,-0.11856226,0.08,0.064833006,0.295388208,3.298197867,3.722716167,3374
CKN,Clarkson,2025,-0.21375193,-0.23566847,0.08,0.041431262,0.22985634,3.308991029,3.738225448,4049
CLLN,Carillion,2020,2.66341026,4.1251632,0.08,-0.134619553,0.234852476,3.255272505,3.599664779,1142
CLLN,Carillion,2021,-0.17205022,-0.31089513,0.08,0.356175855,0.549993161,3.26599637,3.635885685,2091
CLLN,Carillion,2022,0.09281707,0.21171382,0.08,-0.068127609,0.1978053,3.276691529,3.671358003,2361
CLLN,Carillion,2023,-0.01082104,0.08543531,0.08,-0.092686105,0.381892843,3.287353773,3.70018433,2651
CLLN,Carillion,2024,-0.12079742,-0.12242746,0.08,0.089574373,0.453633628,3.298197867,3.722716167,3374
CLLN,Carillion,2025,0.21570974,0.24415731,0.08,0.026140959,0.41257634,3.308991029,3.738225448,4049
CMCX,CMC Markets,2020,2.65249283,4.30680085,0.08,0.113564669,0.585260116,3.255272505,3.599664779,1142
CMCX,CMC Markets,2021,0.18236899,0.29404275,0.08,0.091690544,0.441089838,3.26599637,3.635885685,2091
CMCX,CMC Markets,2022,-0.16837307,-0.20996277,0.08,0.051630435,0.3,3.276691529,3.671358003,2361
CMCX,CMC Markets,2023,-0.00267923,0.08736676,0.08,-0.051428571,0.268792711,3.287353773,3.70018433,2651
CMCX,CMC Markets,2024,-0.05511149,-0.16811071,0.08,0.008498584,0.431081081,3.298197867,3.722716167,3374
CMCX,CMC Markets,2025,0.31225478,0.68271393,0.08,0.066137566,0.367295597,3.308991029,3.738225448,4049
CNA,Centrica,2020,2.66951308,4.13650547,0.08,-0.056686314,0.60352408,3.255272505,3.599664779,1142
CNA,Centrica,2021,-0.2254527,-0.31715753,0.08,0.296898271,0.363472736,3.26599637,3.635885685,2091
CNA,Centrica,2022,-0.23863946,-0.51155395,0.08,-0.116347996,0.523346555,3.276691529,3.671358003,2361
CNA,Centrica,2023,0.31388749,0.31774467,0.08,-0.10077982,0.413597064,3.287353773,3.70018433,2651
CNA,Centrica,2024,0.54664984,0.78309087,0.08,0.15793353,0.449233217,3.298197867,3.722716167,3374
CNA,Centrica,2025,-0.02124206,-0.2622846,0.08,0.057798542,0.512501398,3.308991029,3.738225448,4049
CNE,Cairn Energy,2020,2.63474291,4.27541938,0.08,0.082524272,0.595611285,3.255272505,3.599664779,1142
CNE,Cairn Energy,2021,-0.04048332,-0.00802953,0.08,0.127118644,0.409090909,3.26599637,3.635885685,2091
CNE,Cairn Energy,2022,-0.2693361,-0.2745761,0.08,-0.021645022,0.28375,3.276691529,3.671358003,2361
CNE,Cairn Energy,2023,0.15279361,0.19502252,0.08,-0.089622642,0.375,3.287353773,3.70018433,2651
CNE,Cairn Energy,2024,0.02033285,-0.03465509,0.08,0.094017094,0.50307377,3.298197867,3.722716167,3374
CNE,Cairn Energy,2025,0.10738592,0.16500896,0.08,0.11026616,0.50859454,3.308991029,3.738225448,4049
COA,Coats Group,2020,2.66933076,4.34273935,0.08,-0.067769898,0.31884312,3.255272505,3.599664779,1142
COA,Coats Group,2021,-0.09965137,-0.05885809,0.08,0.305418719,0.488415673,3.26599637,3.635885685,2091
COA,Coats Group,2022,0.08276335,0.13852665,0.08,-0.081065089,0.306349976,3.276691529,3.671358003,2361
COA,Coats Group,2023,0.14519236,0.16767209,0.08,-0.079872204,0.322128852,3.287353773,3.70018433,2651
COA,Coats Group,2024,0.08686386,0.20743816,0.08,0.065671642,0.340324118,3.298197867,3.722716167,3374
COA,Coats Group,2025,-0.11227177,-0.16002591,0.08,0.069961133,0.274425287,3.308991029,3.738225448,4049
COBR,Cobra Resources,2020,2.39752,2.8095,0.08,0.108695652,0.396788991,3.255272505,3.599664779,1142
COBR,Cobra Resources,2021,-0.69812,1.57983,0.08,0.173652695,0.342672414,3.26599637,3.635885685,2091
COBR,Cobra Resources,2022,0.95641,-0.06885,0.08,0,0.254295533,3.276691529,3.671358003,2361
COBR,Cobra Resources,2023,0.89192,-0.01933,0.08,-0.128378378,0.409448819,3.287353773,3.70018433,2651
COBR,Cobra Resources,2024,-0.58495,1.59463,0.08,0.108433735,0.388059701,3.298197867,3.722716167,3374
COBR,Cobra Resources,2025,1.31845,1.17921,0.08,-0.044025157,0.208860759,3.308991029,3.738225448,4049
COLT,Colt Group,2020,2.64631789,3.91630093,0.08,-0.061194755,0.603028308,3.255272505,3.599664779,1142
COLT,Colt Group,2021,0.01151003,0.07933412,0.08,0.345933926,0.407816623,3.26599637,3.635885685,2091
COLT,Colt Group,2022,-0.23430013,-0.1777102,0.08,-0.180795199,0.509765258,3.276691529,3.671358003,2361
COLT,Colt Group,2023,0.27326832,0.46157166,0.08,0.009658247,0.299255641,3.287353773,3.70018433,2651
COLT,Colt Group,2024,0.02614296,0.05015422,0.08,-0.006731488,0.361694595,3.298197867,3.722716167,3374
COLT,Colt Group,2025,0.09267976,0.0705708,0.08,0.123853211,0.499230638,3.308991029,3.738225448,4049
CPG,Compass Group,2020,2.65580334,4.31719143,0.08,-0.106576642,0.657063576,3.255272505,3.599664779,1142
CPG,Compass Group,2021,-0.11734124,-0.18048194,0.08,0.293682654,0.247506867,3.26599637,3.635885685,2091
CPG,Compass Group,2022,0.00956135,0.12861708,0.08,0.041681129,0.393843791,3.276691529,3.671358003,2361
CPG,Compass Group,2023,-0.06295843,-0.12329665,0.08,-0.104960368,0.536109364,3.287353773,3.70018433,2651
CPG,Compass Group,2024,0.05281588,0.23813649,0.08,0.102930214,0.490730836,3.298197867,3.722716167,3374
CPG,Compass Group,2025,-0.03715689,-0.19407491,0.08,-0.016347583,0.351434403,3.308991029,3.738225448,4049
CPP,CPP Group,2020,2.63807207,4.07923866,0.08,0.023391813,0.381909548,3.255272505,3.599664779,1142
CPP,CPP Group,2021,-0.16247315,-0.36602267,0.08,0.226244344,0.288029925,3.26599637,3.635885685,2091
CPP,CPP Group,2022,0.02410754,0.10278007,0.08,0.026431718,0.443935927,3.276691529,3.671358003,2361
CPP,CPP Group,2023,0.26548383,0.45269457,0.08,-0.152284264,0.241987179,3.287353773,3.70018433,2651
CPP,CPP Group,2024,0.10143002,0.10881709,0.08,0.057416268,0.440514469,3.298197867,3.722716167,3374
CPP,CPP Group,2025,0.23437006,0.22739099,0.08,0.058558559,0.189233279,3.308991029,3.738225448,4049
CRDA,Croda International,2020,2.64611183,3.91414165,0.08,0.071856287,0.534895071,3.255272505,3.599664779,1142
CRDA,Croda International,2021,-0.31122348,-0.38386053,0.08,0.155143339,0.544756641,3.26599637,3.635885685,2091
CRDA,Croda International,2022,0.08236268,0.13442785,0.08,-0.03974284,0.264,3.276691529,3.671358003,2361
CRDA,Croda International,2023,-0.20459279,-0.21589924,0.08,-0.049049663,0.477603085,3.287353773,3.70018433,2651
CRDA,Croda International,2024,-0.06712313,0.00238883,0.08,0.050087362,0.276042546,3.298197867,3.722716167,3374
CRDA,Croda International,2025,0.33782691,0.50039354,0.08,0.099160546,0.184562012,3.308991029,3.738225448,4049
CRH,CRH plc,2020,2.63161104,3.89379537,0.08,-0.020030873,0.408772722,3.255272505,3.599664779,1142
CRH,CRH plc,2021,-0.06540625,-0.21561683,0.08,0.244872471,0.281618751,3.26599637,3.635885685,2091
CRH,CRH plc,2022,-0.33312332,-0.58848322,0.08,-0.032998853,0.551953495,3.276691529,3.671358003,2361
CRH,CRH plc,2023,-0.22221994,-0.31609269,0.08,-0.088945084,0.207670452,3.287353773,3.70018433,2651
CRH,CRH plc,2024,0.24055088,0.2098159,0.08,0.117360154,0.285901699,3.298197867,3.722716167,3374
CRH,CRH plc,2025,0.23604913,0.57573217,0.08,0.01466196,0.235093203,3.308991029,3.738225448,4049
CRM,CRM Holdings,2020,2.64744543,4.30076542,0.08,-0.011363636,0.542713568,3.255272505,3.599664779,1142
CRM,CRM Holdings,2021,-0.14343236,-0.19893849,0.08,0.307086614,0.300884956,3.26599637,3.635885685,2091
CRM,CRM Holdings,2022,0.15519808,0.17913571,0.08,-0.123893805,0.438596491,3.276691529,3.671358003,2361
CRM,CRM Holdings,2023,0.00293994,0.09916805,0.08,-0.086538462,0.26848249,3.287353773,3.70018433,2651
CRM,CRM Holdings,2024,0.23796072,0.31500433,0.08,0.054545455,0.237057221,3.298197867,3.722716167,3374
CRM,CRM Holdings,2025,-0.00610168,-0.008012,0.08,0.098360656,0.356707317,3.308991029,3.738225448,4049
CRST,Crest Nicholson,2020,2.63561235,4.0764704,0.08,0.036283186,0.583601286,3.255272505,3.599664779,1142
CRST,Crest Nicholson,2021,0.06441711,0.06435516,0.08,0.210893855,0.225648075,3.26599637,3.635885685,2091
CRST,Crest Nicholson,2022,-0.08427853,-0.13849448,0.08,-0.039187228,0.515235457,3.276691529,3.671358003,2361
CRST,Crest Nicholson,2023,-0.0677798,-0.03870215,0.08,-0.141673571,0.292327475,3.287353773,3.70018433,2651
CRST,Crest Nicholson,2024,0.01946086,0.06112157,0.08,0.137240886,0.247047244,3.298197867,3.722716167,3374
CRST,Crest Nicholson,2025,-0.08834769,-0.24164017,0.08,-0.001431639,0.361466968,3.308991029,3.738225448,4049
CSN,Chesnara,2020,2.66056742,4.32233305,0.08,0.02189781,0.397626113,3.255272505,3.599664779,1142
CSN,Chesnara,2021,0.10301704,0.25581893,0.08,0.230337079,0.420930233,3.26599637,3.635885685,2091
CSN,Chesnara,2022,-0.09534641,-0.07884525,0.08,-0.034883721,0.482993197,3.276691529,3.671358003,2361
CSN,Chesnara,2023,0.16923395,0.28674478,0.08,-0.102564103,0.277522936,3.287353773,3.70018433,2651
CSN,Chesnara,2024,-0.23519864,-0.01801715,0.08,0.108571429,0.4697609,3.298197867,3.722716167,3374
CSN,Chesnara,2025,0.14357585,0.10499454,0.08,0.048913043,0.206395349,3.308991029,3.738225448,4049
CTEA,Ceylon Tea,2020,1.65506,0.68674,0.08,0.02173913,0.462962963,3.255272505,3.599664779,1142
CTEA,Ceylon Tea,2021,-0.10044,1.21333,0.08,0.28125,0.487179487,3.26599637,3.635885685,2091
CTEA,Ceylon Tea,2022,1.34733,1.57786,0.08,-0.066666667,0.524064171,3.276691529,3.671358003,2361
CTEA,Ceylon Tea,2023,-0.31443,-0.07524,0.08,-0.2,0.37,3.287353773,3.70018433,2651
CTEA,Ceylon Tea,2024,0.71659,-0.013,0.08,0.107142857,0.539568345,3.298197867,3.722716167,3374
CTEA,Ceylon Tea,2025,1.09458,1.59647,0.08,0.081967213,0.237179487,3.308991029,3.738225448,4049
CTS,Castings,2020,1.15849,2.88914,0.08,-0.04,0.584120983,3.255272505,3.599664779,1142
CTS,Castings,2021,0.42052,1.53382,0.08,0.324324324,0.262784091,3.26599637,3.635885685,2091
CTS,Castings,2022,1.24401,-0.20826,0.08,-0.091803279,0.284572342,3.276691529,3.671358003,2361
CTS,Castings,2023,-0.91339,0.11574,0.08,-0.142322097,0.453005927,3.287353773,3.70018433,2651
CTS,Castings,2024,1.0654,1.63067,0.08,0.133116883,0.373974209,3.298197867,3.722716167,3374
CTS,Castings,2025,0.75893,1.09094,0.08,0.088757396,0.410509031,3.308991029,3.738225448,4049
CUR,Custodian REIT,2020,2.31651,3.27699,0.07,0.059037413,0.475438547,3.255272505,3.599664779,1142
CUR,Custodian REIT,2021,-1.00321,0.91542,0.07,0.147692057,0.344887695,3.26599637,3.635885685,2091
CUR,Custodian REIT,2022,1.1057,-1.20064,0.07,0.010171133,0.294290196,3.276691529,3.671358003,2361
CUR,Custodian REIT,2023,0.69952,1.04447,0.07,-0.151943463,0.205119144,3.287353773,3.70018433,2651
CUR,Custodian REIT,2024,-0.29043,1.64591,0.07,0.187518888,0.312752664,3.298197867,3.722716167,3374
CUR,Custodian REIT,2025,1.34838,0.18201,0.07,-0.013010868,0.238215455,3.308991029,3.738225448,4049
CHG,Chemring Group,2020,2.67521057,4.1459841,0.08,0.059701493,0.268829027,3.255272505,3.599664779,1142
CHG,Chemring Group,2021,-0.31949414,-0.39580759,0.08,0.182926829,0.413520316,3.26599637,3.635885685,2091
CHG,Chemring Group,2022,-0.31451872,-0.37420134,0.08,-0.086892489,0.445421831,3.276691529,3.671358003,2361
CHG,Chemring Group,2023,0.34669385,0.31492557,0.08,0.028612303,0.514473684,3.287353773,3.70018433,2651
CHG,Chemring Group,2024,-0.29857596,-0.50073954,0.08,0.070478723,0.3753806,3.298197867,3.722716167,3374
CHG,Chemring Group,2025,-0.12524254,-0.34619082,0.08,0.068153656,0.310445277,3.308991029,3.738225448,4049
DCC,DCC plc,2020,2.64815909,4.09202684,0.08,-0.003403465,0.460234339,3.255272505,3.599664779,1142
DCC,DCC plc,2021,0.21089169,0.40648954,0.08,0.308737033,0.542329925,3.26599637,3.635885685,2091
DCC,DCC plc,2022,0.06314647,0.0347386,0.08,-0.145862266,0.464991878,3.276691529,3.671358003,2361
DCC,DCC plc,2023,0.08110661,0.21951433,0.08,-0.089638597,0.235154627,3.287353773,3.70018433,2651
DCC,DCC plc,2024,0.18879888,0.33045044,0.08,0.100920368,0.185504595,3.298197867,3.722716167,3374
DCC,DCC plc,2025,-0.16317169,-0.12103353,0.08,0.012799242,0.251042986,3.308991029,3.738225448,4049
DGE,Diageo,2020,2.6536056,4.31120512,0.08,-0.079089112,0.502171015,3.255272505,3.599664779,1142
DGE,Diageo,2021,-0.32312098,-0.41888416,0.08,0.332134238,0.576535056,3.26599637,3.635885685,2091
DGE,Diageo,2022,0.14442713,0.37022827,0.08,-0.0985993,0.402997325,3.276691529,3.671358003,2361
DGE,Diageo,2023,-0.34400294,-0.57535063,0.08,-0.024917966,0.364107682,3.287353773,3.70018433,2651
DGE,Diageo,2024,-0.04464939,0.02897998,0.08,-0.005879319,0.271277745,3.298197867,3.722716167,3374
DGE,Diageo,2025,0.02076928,-0.08799536,0.08,0.108751609,0.439477595,3.308991029,3.738225448,4049
ENT,Entain,2020,2.64456041,4.09374007,0.08,-0.0659945,0.329648241,3.255272505,3.599664779,1142
ENT,Entain,2021,0.234878,0.51677543,0.08,0.337684019,0.629516973,3.26599637,3.635885685,2091
ENT,Entain,2022,0.09773205,0.32915607,0.08,-0.068948735,0.515755184,3.276691529,3.671358003,2361
ENT,Entain,2023,-0.16309935,0.16306518,0.08,-0.132463715,0.43440704,3.287353773,3.70018433,2651
ENT,Entain,2024,-0.1710801,-0.32078451,0.08,0.06057991,0.231914326,3.298197867,3.722716167,3374
ENT,Entain,2025,0.26448142,0.38296745,0.08,0.124641184,0.408346319,3.308991029,3.738225448,4049
EXPN,Experian,2020,2.63374314,3.74020667,0.18,0.017270829,0.320202854,3.255272505,3.599664779,1142
EXPN,Experian,2021,0.03972128,0.0887162,0.18,0.265337423,0.407152945,3.26599637,3.635885685,2091
EXPN,Experian,2022,-0.13980575,-0.36326923,0.18,-0.044567434,0.423539306,3.276691529,3.671358003,2361
EXPN,Experian,2023,0.0246999,0.00271559,0.18,-0.200559538,0.293532998,3.287353773,3.70018433,2651
EXPN,Experian,2024,0.28384463,0.30981083,0.18,0.145780433,0.366511628,3.298197867,3.722716167,3374
EXPN,Experian,2025,0.04368181,0.12483147,0.18,0.037798218,0.520135593,3.308991029,3.738225448,4049
FERG,Ferguson plc,2020,2.63189383,4.06448122,0.08,-0.124837858,0.248614604,3.255272505,3.599664779,1142
FERG,Ferguson plc,2021,-0.12322017,-0.26600101,0.08,0.347583752,0.462237839,3.26599637,3.635885685,2091
FERG,Ferguson plc,2022,0.41656435,0.4696967,0.08,-0.025650235,0.449118934,3.276691529,3.671358003,2361
FERG,Ferguson plc,2023,-0.27688911,-0.45560611,0.08,-0.115149695,0.449044447,3.287353773,3.70018433,2651
FERG,Ferguson plc,2024,-0.06719331,-0.33492007,0.08,0.113684771,0.487493969,3.298197867,3.722716167,3374
FERG,Ferguson plc,2025,0.05514602,0.22185485,0.08,-0.022257167,0.207123691,3.308991029,3.738225448,4049
FLTR,Flutter Entertainment,2020,2.64446191,4.09552031,0.02,-0.073120979,0.395736055,3.255272505,3.599664779,1142
FLTR,Flutter Entertainment,2021,-0.01974895,-0.11310018,0.08,0.315025795,0.276456071,3.26599637,3.635885685,2091
FLTR,Flutter Entertainment,2022,-0.11942222,-0.00452642,0.08,-0.137964775,0.533516612,3.276691529,3.671358003,2361
FLTR,Flutter Entertainment,2023,0.0148996,-0.02856062,0.08,0.009449964,0.297073352,3.287353773,3.70018433,2651
FLTR,Flutter Entertainment,2024,0.29552108,0.30648808,0.08,0.080743958,0.53037093,3.298197867,3.722716167,3374
FLTR,Flutter Entertainment,2025,-0.13629917,-0.10293236,0.08,-0.009557005,0.219512195,3.308991029,3.738225448,4049
FRES,Fresnillo,2020,2.65415129,4.31627621,0.08,0.107005389,0.490946325,3.255272505,3.599664779,1142
FRES,Fresnillo,2021,-0.04684663,0.11983451,0.08,0.130812981,0.535006293,3.26599637,3.635885685,2091
FRES,Fresnillo,2022,0.01702352,-0.07858785,0.08,-0.010480054,0.51635316,3.276691529,3.671358003,2361
FRES,Fresnillo,2023,-0.15393,-0.10196497,0.08,-0.102497205,0.335591454,3.287353773,3.70018433,2651
FRES,Fresnillo,2024,-0.15763122,-0.05650471,0.08,0.065156794,0.271791352,3.298197867,3.722716167,3374
FRES,Fresnillo,2025,0.27515717,0.1940272,0.08,0.142771804,0.40910505,3.308991029,3.738225448,4049
GLEN,Glencore,2020,2.63089906,3.8905334,0.08,0.053150444,0.555977077,3.255272505,3.599664779,1142
GLEN,Glencore,2021,-0.23157479,-0.07489582,0.08,0.199215878,0.292793127,3.26599637,3.635885685,2091
GLEN,Glencore,2022,0.19225525,0.38656172,0.08,-0.00546852,0.255602891,3.276691529,3.671358003,2361
GLEN,Glencore,2023,0.0258816,0.10661877,0.08,-0.139174471,0.49783888,3.287353773,3.70018433,2651
GLEN,Glencore,2024,-0.09866546,-0.03263941,0.08,0.111130997,0.262635372,3.298197867,3.722716167,3374
GLEN,Glencore,2025,-0.04759814,-0.04323078,0.08,0.103782481,0.328942163,3.308991029,3.738225448,4049
GSK,GSK plc,2020,2.64081814,3.90610165,0.14,0.096526643,0.572041262,4.812913357,3.599664779,1142
GSK,GSK plc,2021,0.08131293,0.12450914,0.14,0.195302812,0.454580017,4.823637222,3.635885685,2091
GSK,GSK plc,2022,-0.26960283,-0.42136918,0.14,-0.07376438,0.479398118,4.834363472,3.671358003,2361
GSK,GSK plc,2023,-0.27648994,-0.33336856,0.14,-0.053647587,0.254388792,4.845085631,3.70018433,2651
GSK,GSK plc,2024,0.29539158,0.41090791,0.14,0.008843651,0.325056528,4.855809799,3.722716167,3374
GSK,GSK plc,2025,-0.18981157,-0.31079593,0.14,0.089509533,0.32722282,4.866535436,3.738225448,4049
HIK,Hikma Pharmaceuticals,2020,2.62979841,4.06328479,0.13,0.011292346,0.624438594,3.653212514,3.599664779,1142
HIK,Hikma Pharmaceuticals,2021,-0.44377338,-0.56361938,0.13,0.201402806,0.362212545,3.663983455,3.635885685,2091
HIK,Hikma Pharmaceuticals,2022,-0.06358664,0.04099438,0.13,-0.009100101,0.351994986,3.674677468,3.671358003,2361
HIK,Hikma Pharmaceuticals,2023,0.01930727,0.10224979,0.13,-0.051754697,0.244988469,3.68538341,3.70018433,2651
HIK,Hikma Pharmaceuticals,2024,-0.06652729,-0.10944916,0.13,0.110655738,0.533494754,3.69609416,3.722716167,3374
HIK,Hikma Pharmaceuticals,2025,0.02673223,0.09556722,0.13,0.025499232,0.227797561,3.706803097,3.738225448,4049
HL,Hargreaves Lansdown,2020,2.65835416,4.31993718,0.2,0.032626427,0.516969995,3.255272505,3.599664779,1142
HL,Hargreaves Lansdown,2021,-0.28477537,-0.37624161,0.2,0.265868263,0.291358025,3.26599637,3.635885685,2091
HL,Hargreaves Lansdown,2022,-0.21998144,-0.31800025,0.2,-0.145404664,0.566918325,3.276691529,3.671358003,2361
HL,Hargreaves Lansdown,2023,-0.48328778,-0.62492218,0.2,0.01884253,0.539588282,3.287353773,3.70018433,2651
HL,Hargreaves Lansdown,2024,0.31235484,0.5826383,0.2,-0.015027322,0.275415896,3.298197867,3.722716167,3374
HL,Hargreaves Lansdown,2025,0.0330679,0.00524416,0.2,0.119133574,0.332254585,3.308991029,3.738225448,4049
HLMA,Halma,2020,2.63500746,4.0737091,0.08,-0.030721003,0.31142632,3.255272505,3.599664779,1142
HLMA,Halma,2021,-0.46155208,-0.55214861,0.08,0.234644914,0.384194831,3.26599637,3.635885685,2091
HLMA,Halma,2022,0.07182565,0.05172721,0.08,-0.009689922,0.443210394,3.276691529,3.671358003,2361
HLMA,Halma,2023,0.04367747,0.20973261,0.08,-0.109081139,0.224949563,3.287353773,3.70018433,2651
HLMA,Halma,2024,-0.07512914,-0.2292246,0.08,0.161711712,0.397283725,3.298197867,3.722716167,3374
HLMA,Halma,2025,-0.28690321,-0.55121166,0.08,-0.013235965,0.503353867,3.308991029,3.738225448,4049
HLN,Haleon,2020,2.65675843,3.93460956,0.08,0.027348875,0.394526373,3.255272505,3.599664779,1142
HLN,Haleon,2021,-0.27778531,-0.53299686,0.08,0.229051583,0.460206398,3.26599637,3.635885685,2091
HLN,Haleon,2022,0.56087904,0.72783135,0.08,-0.079630407,0.237471426,3.276691529,3.671358003,2361
HLN,Haleon,2023,0.10983122,0.36179235,0.08,-0.079622744,0.250883196,3.287353773,3.70018433,2651
HLN,Haleon,2024,0.31938418,0.14627302,0.08,0.150593129,0.302276589,3.298197867,3.722716167,3374
HLN,Haleon,2025,-0.13556133,-0.06884704,0.08,-0.009329809,0.372975898,3.308991029,3.738225448,4049
HSBA,HSBC Holdings,2020,2.66017111,4.31471345,0.02,0.083592288,0.900000499,6.474798819,3.599664779,1142
HSBA,HSBC Holdings,2021,0.27293017,0.37870428,0.1,0.184114935,0.900001159,6.485522684,3.635885685,2091
HSBA,HSBC Holdings,2022,-0.16750314,-0.21436014,0.1,-0.056268989,0.83066466,6.49624655,3.671358003,2361
HSBA,HSBC Holdings,2023,0.03487081,0.30698673,0.1,-0.157089789,0.789804511,6.506970466,3.70018433,2651
HSBA,HSBC Holdings,2024,0.12765249,0.30124201,0.1,0.167320518,0.684952754,6.517694324,3.722716167,3374
HSBA,HSBC Holdings,2025,-0.01100684,0.00361719,0.1,0.07516048,0.79850976,6.528418132,3.738225448,4049
HSBA,HSBC Holdings,2020,2.64191062,3.90807144,0.02,0.083592288,0.900000499,6.474798819,3.599664779,1142
HSBA,HSBC Holdings,2021,0.10886867,0.06837421,0.1,0.184114935,0.900001159,6.485522684,3.635885685,2091
HSBA,HSBC Holdings,2022,0.09101855,0.14821419,0.1,-0.056268989,0.83066466,6.49624655,3.671358003,2361
HSBA,HSBC Holdings,2023,-0.09086591,-0.064322,0.1,-0.157089789,0.789804511,6.506970466,3.70018433,2651
HSBA,HSBC Holdings,2024,0.15077896,0.04273367,0.1,0.167320518,0.684952754,6.517694324,3.722716167,3374
HSBA,HSBC Holdings,2025,0.305799,0.4577988,0.1,0.07516048,0.79850976,6.528418132,3.738225448,4049
IAG,International Airlines Group,2020,2.63072954,4.0648022,0.08,-0.096899225,0.670437634,3.255272505,3.599664779,1142
IAG,International Airlines Group,2021,0.14393717,0.08308203,0.08,0.30587571,0.476941657,3.26599637,3.635885685,2091
IAG,International Airlines Group,2022,-0.1578459,-0.37314539,0.08,-0.054055947,0.395308865,3.276691529,3.671358003,2361
IAG,International Airlines Group,2023,0.11313111,0.22926339,0.08,0.004391927,0.433699219,3.287353773,3.70018433,2651
IAG,International Airlines Group,2024,-0.06969844,-0.17391039,0.08,0.014631633,0.584932976,3.298197867,3.722716167,3374
IAG,International Airlines Group,2025,-0.40896513,-0.44247251,0.08,0.103905697,0.595466831,3.308991029,3.738225448,4049
IHG,InterContinental Hotels,2020,2.62364124,4.05426259,0.08,0.035573123,0.504997061,3.255272505,3.599664779,1142
IHG,InterContinental Hotels,2021,0.23972831,0.23557176,0.08,0.191549796,0.760806916,3.26599637,3.635885685,2091
IHG,InterContinental Hotels,2022,0.15029048,0.26776973,0.08,-0.028670562,0.643780922,3.276691529,3.671358003,2361
IHG,InterContinental Hotels,2023,-0.04814872,-0.01744054,0.08,-0.009959425,0.601789857,3.287353773,3.70018433,2651
IHG,InterContinental Hotels,2024,0.04555736,0.06909145,0.08,0.044413112,0.493610366,3.298197867,3.722716167,3374
IHG,InterContinental Hotels,2025,0.29775944,0.44343893,0.08,0.098076617,0.646668944,3.308991029,3.738225448,4049
LLOY,Lloyds Banking Group,2020,2.65692606,4.11559946,0.09,-0.069243761,0.9000055,4.397940009,3.599664779,1142
LLOY,Lloyds Banking Group,2021,-0.01680288,-0.18811066,0.09,0.290664655,0.899997888,4.408663874,3.635885685,2091
LLOY,Lloyds Banking Group,2022,-0.12046803,-0.01501796,0.09,0.007311487,0.789414126,4.41939394,3.671358003,2361
LLOY,Lloyds Banking Group,2023,-0.07607485,-0.05083916,0.09,-0.177654443,0.77415545,4.43010732,3.70018433,2651
LLOY,Lloyds Banking Group,2024,-0.09375996,-0.11394796,0.09,0.09194103,0.691612903,4.440830398,3.722716167,3374
LLOY,Lloyds Banking Group,2025,0.12388213,0.16283939,0.09,0.072598611,0.759027786,4.451556183,3.738225448,4049
NG,National Grid,2020,2.63650916,4.07854806,0.08,0.055820507,0.613434531,3.255272505,3.599664779,1142
NG,National Grid,2021,-0.2569392,-0.17570463,0.08,0.250223486,0.658147234,3.26599637,3.635885685,2091
NG,National Grid,2022,0.11491169,0.34613702,0.08,-0.054819768,0.624682044,3.276691529,3.671358003,2361
NG,National Grid,2023,-0.55710133,-0.78999408,0.08,-0.11551518,0.463916345,3.287353773,3.70018433,2651
NG,National Grid,2024,0.15613346,0.24791374,0.08,0.088234012,0.409221332,3.298197867,3.722716167,3374
NG,National Grid,2025,0.00491435,-0.08233443,0.08,0.062106468,0.463018461,3.308991029,3.738225448,4049
PRU,Prudential,2020,2.6570287,4.11235076,0.08,-0.002035508,0.634487882,3.255272505,3.599664779,1142
PRU,Prudential,2021,-0.30834878,-0.30100511,0.08,0.298425166,0.400511103,3.26599637,3.635885685,2091
PRU,Prudential,2022,0.08877772,0.05421679,0.08,-0.135847526,0.377597946,3.276691529,3.671358003,2361
PRU,Prudential,2023,-0.10806415,-0.17318671,0.08,-0.078530469,0.361056269,3.287353773,3.70018433,2651
PRU,Prudential,2024,-0.05403699,-0.1817361,0.08,0.144187981,0.433594946,3.298197867,3.722716167,3374
PRU,Prudential,2025,0.07348046,-0.19600932,0.08,0.048288146,0.250377422,3.308991029,3.738225448,4049
REL,RELX,2020,2.63538202,3.89325868,0.19,0.119154173,0.256195957,3.255272505,3.599664779,1142
REL,RELX,2021,-0.27082126,-0.35730652,0.19,0.149248049,0.523824707,3.26599637,3.635885685,2091
REL,RELX,2022,0.34593537,0.50284655,0.19,0.003698435,0.555813167,3.276691529,3.671358003,2361
REL,RELX,2023,-0.34742187,-0.38624021,0.19,-0.177817491,0.387002864,3.287353773,3.70018433,2651
REL,RELX,2024,0.07362076,0.02517229,0.19,0.106487026,0.438910119,3.298197867,3.722716167,3374
REL,RELX,2025,-0.22514371,-0.16433812,0.19,0.1079854,0.412212114,3.308991029,3.738225448,4049
RIO,Rio Tinto,2020,2.64286647,3.91092729,0.16,-0.036838668,0.663361431,4.986771734,3.599664779,1142
RIO,Rio Tinto,2021,0.22258309,0.35322538,0.16,0.266119755,0.65202215,4.9974956,3.635885685,2091
RIO,Rio Tinto,2022,-0.12807443,-0.08878674,0.16,-0.067235734,0.421432168,5.008221063,3.671358003,2361
RIO,Rio Tinto,2023,-0.0084831,-0.26654493,0.16,-0.131572419,0.376574424,5.018941706,3.70018433,2651
RIO,Rio Tinto,2024,-0.55631759,-0.71470852,0.16,0.150542318,0.398723115,5.029667803,3.722716167,3374
RIO,Rio Tinto,2025,0.028742,0.12061914,0.16,0.066507535,0.281206696,5.040392657,3.738225448,4049
RKT,Reckitt Benckiser,2020,2.62464005,3.72446591,0.08,-0.079811481,0.530749508,3.255272505,3.599664779,1142
RKT,Reckitt Benckiser,2021,-0.48681141,-0.69452654,0.08,0.334105057,0.653043693,3.26599637,3.635885685,2091
RKT,Reckitt Benckiser,2022,0.10604749,0.14832285,0.08,-0.069553734,0.257549495,3.276691529,3.671358003,2361
RKT,Reckitt Benckiser,2023,0.22040052,0.33618767,0.08,-0.138730497,0.42912219,3.287353773,3.70018433,2651
RKT,Reckitt Benckiser,2024,-0.14271301,-0.30152831,0.08,0.091380096,0.478038139,3.298197867,3.722716167,3374
RKT,Reckitt Benckiser,2025,0.00743461,0.02075512,0.08,0.105520473,0.456290743,3.308991029,3.738225448,4049
SHEL,Shell plc,2020,2.64512497,3.91298227,0.06,0.102423457,0.383975889,5.553883027,3.599664779,1142
SHEL,Shell plc,2021,-0.12735473,-0.36586706,0.06,0.142115237,0.466110045,5.564606892,3.635885685,2091
SHEL,Shell plc,2022,-0.15877629,-0.20999902,0.13,-0.06749444,0.300178402,5.575331046,3.671358003,2361
SHEL,Shell plc,2023,-0.13278814,-0.25103742,0.13,-0.058272884,0.452777095,5.586054799,3.70018433,2651
SHEL,Shell plc,2024,0.33307061,0.63301924,0.13,0.142987902,0.46320282,5.596778472,3.722716167,3374
SHEL,Shell plc,2025,0.17562024,0.47773106,0.13,-0.002274812,0.31029993,5.607502203,3.738225448,4049
ULVR,Unilever,2020,2.64044701,4.08298248,0.08,-0.046750847,0.519223696,3.255272505,3.599664779,1142
ULVR,Unilever,2021,-0.12565019,-0.25140852,0.08,0.271548436,0.641396621,3.26599637,3.635885685,2091
ULVR,Unilever,2022,-0.08036532,-0.34054241,0.08,-0.086958642,0.343551939,3.276691529,3.671358003,2361
ULVR,Unilever,2023,-0.01622874,0.16077229,0.08,-0.056943538,0.263709363,3.287353773,3.70018433,2651
ULVR,Unilever,2024,0.2603133,0.15265082,0.08,0.112821842,0.253143676,3.298197867,3.722716167,3374
ULVR,Unilever,2025,0.222165,0.43993867,0.08,0.024811203,0.230588394,3.308991029,3.738225448,4049
VOD,Vodafone Group,2020,2.66905175,4.13258523,0.08,0.115612888,0.300195027,5.230448921,3.599664779,1142
VOD,Vodafone Group,2021,-0.57050766,-0.83529178,0.08,0.103388358,0.528352375,5.241172787,3.635885685,2091
VOD,Vodafone Group,2022,-0.14422365,-0.18935517,0.08,-0.034451768,0.499164452,5.251896044,3.671358003,2361
VOD,Vodafone Group,2023,-0.01791094,-0.19703018,0.08,-0.073700294,0.401790959,5.262619554,3.70018433,2651
VOD,Vodafone Group,2024,0.09643584,0.19043257,0.08,0.098092544,0.384915374,5.27334394,3.722716167,3374
VOD,Vodafone Group,2025,0.00499503,0.18145409,0.08,0.12001787,0.437257484,5.284067354,3.738225448,4049
